"","founder_identifier_uuid","founder_image_url","download_url"
"1","00082be1-4c28-c41f-6147-92d0e12629c8","https://res.cloudinary.com/crunchbase-production/image/upload/ix3sxcyp73nc85chfbg0","https://images.crunchbase.com/image/upload/ix3sxcyp73nc85chfbg0"
"2","00163642-b6d8-2548-f825-a3e814a49a7f","https://res.cloudinary.com/crunchbase-production/image/upload/v1449164806/ynwm50gtriz4h2gztt5d.jpg","https://images.crunchbase.com/image/upload/ynwm50gtriz4h2gztt5d.jpg"
"3","00358c10-7282-4e44-b851-540488e80272","https://res.cloudinary.com/crunchbase-production/image/upload/cx3zgoktufynl6tczaco","https://images.crunchbase.com/image/upload/cx3zgoktufynl6tczaco"
"5","005150d7-fc7d-6940-4759-70975cffa4d6","https://res.cloudinary.com/crunchbase-production/image/upload/v1459109289/bpff3k4tez1vecue1sv0.png","https://images.crunchbase.com/image/upload/bpff3k4tez1vecue1sv0.png"
"6","00555ecb-67ee-9e7b-237e-814c5fbab250","https://res.cloudinary.com/crunchbase-production/image/upload/v1488364858/egyprumq6cyfq8jvvf4m.jpg","https://images.crunchbase.com/image/upload/egyprumq6cyfq8jvvf4m.jpg"
"7","005f32ee-4edc-2df0-1d3c-3224e98ced95","https://res.cloudinary.com/crunchbase-production/image/upload/v1456992704/vd1bjbqht6dpzvwwcano.png","https://images.crunchbase.com/image/upload/vd1bjbqht6dpzvwwcano.png"
"8","0085f675-c27c-7020-29f7-ef6f5a8aff09","https://res.cloudinary.com/crunchbase-production/image/upload/v1431669377/vrauga5znu4ngaugokz4.png","https://images.crunchbase.com/image/upload/vrauga5znu4ngaugokz4.png"
"9","008d3721-30c3-3077-7afd-47e86a4db05a","https://res.cloudinary.com/crunchbase-production/image/upload/xevzpxeulocokg1axvf9","https://images.crunchbase.com/image/upload/xevzpxeulocokg1axvf9"
"10","008db42b-3660-91ba-3903-cdcc51799f10","https://res.cloudinary.com/crunchbase-production/image/upload/v1501296623/eqkuzfn3i2zxbdjnp9dl.png","https://images.crunchbase.com/image/upload/eqkuzfn3i2zxbdjnp9dl.png"
"11","00957c9d-ceba-6a92-65a3-d5cf0e7d9ec7","https://res.cloudinary.com/crunchbase-production/image/upload/v1458678133/snubzuzrmzjxskqnakq4.jpg","https://images.crunchbase.com/image/upload/snubzuzrmzjxskqnakq4.jpg"
"12","009af2ec-6cc3-d9fb-ac2a-ea58b901ec1c","https://res.cloudinary.com/crunchbase-production/image/upload/v1501395825/itjrb3ayy0rgopgi53st.png","https://images.crunchbase.com/image/upload/itjrb3ayy0rgopgi53st.png"
"13","009ebd1c-91cf-0311-dc01-ef0e3b139886","https://res.cloudinary.com/crunchbase-production/image/upload/v1485257616/go0qqfynhj3kwt3f1ejc.jpg","https://images.crunchbase.com/image/upload/go0qqfynhj3kwt3f1ejc.jpg"
"15","00a2c49d-660c-438f-a1af-2d50441882f0","https://res.cloudinary.com/crunchbase-production/image/upload/svlls5capfeoyl9wzrro","https://images.crunchbase.com/image/upload/svlls5capfeoyl9wzrro"
"16","00a3df33-aa57-87a4-fd78-974841bcb1f5","https://res.cloudinary.com/crunchbase-production/image/upload/v1457677986/zooakmyvsxrezv6ynlsy.jpg","https://images.crunchbase.com/image/upload/zooakmyvsxrezv6ynlsy.jpg"
"17","00bef514-50ca-408e-93c0-dd60f614879c","https://res.cloudinary.com/crunchbase-production/image/upload/yp3vergalrub5kbove9g","https://images.crunchbase.com/image/upload/yp3vergalrub5kbove9g"
"18","00e4a298-d825-382c-d4b2-ed77ca1937c1","https://res.cloudinary.com/crunchbase-production/image/upload/v1409566750/loawomyjpm4y9ce2ko5a.jpg","https://images.crunchbase.com/image/upload/loawomyjpm4y9ce2ko5a.jpg"
"19","00e8fea5-b11c-fd2f-4e5d-814d64e7c4ff","https://res.cloudinary.com/crunchbase-production/image/upload/v1464177863/ejxpllw8jwgeu16sl2kc.png","https://images.crunchbase.com/image/upload/ejxpllw8jwgeu16sl2kc.png"
"20","01136384-60a4-4930-bb9a-f59b015b9db1","https://res.cloudinary.com/crunchbase-production/image/upload/lp9dpdornqyzt7lqclvv","https://images.crunchbase.com/image/upload/lp9dpdornqyzt7lqclvv"
"21","0131f56d-9271-1bb3-9a3b-caecdfbe0a3e","https://res.cloudinary.com/crunchbase-production/image/upload/bzikrxrtowbr6u5hh6bw","https://images.crunchbase.com/image/upload/bzikrxrtowbr6u5hh6bw"
"22","016fdf17-615d-4482-8d8a-d329ad50c077","https://res.cloudinary.com/crunchbase-production/image/upload/cbiww6suumdl58itxhbw","https://images.crunchbase.com/image/upload/cbiww6suumdl58itxhbw"
"24","019447f3-134c-8565-5196-ccaf26a3fa7d","https://res.cloudinary.com/crunchbase-production/image/upload/v1428646613/hgrewnotg1np8ao1ps41.jpg","https://images.crunchbase.com/image/upload/hgrewnotg1np8ao1ps41.jpg"
"25","01a25cbd-d2f8-6be8-8ebb-65cd6dda304e","https://res.cloudinary.com/crunchbase-production/image/upload/glh2r4gmcsc0grrqtglj","https://images.crunchbase.com/image/upload/glh2r4gmcsc0grrqtglj"
"27","01a5d5b9-012b-3005-bfc4-33ec95961865","https://res.cloudinary.com/crunchbase-production/image/upload/v1452392864/vdzdnybofqcly2ckxseb.png","https://images.crunchbase.com/image/upload/vdzdnybofqcly2ckxseb.png"
"28","01c5a9a9-ba0d-4ed0-a689-04ba5d176503","https://res.cloudinary.com/crunchbase-production/image/upload/zp7i0ufcjj4965jduxot","https://images.crunchbase.com/image/upload/zp7i0ufcjj4965jduxot"
"29","01d41b57-49c5-7b97-555e-4477f75b07e5","https://res.cloudinary.com/crunchbase-production/image/upload/v1397184294/da60a2d37f9951fa1751d87db51259aa.jpg","https://images.crunchbase.com/image/upload/da60a2d37f9951fa1751d87db51259aa.jpg"
"30","01d9e640-7c2e-425a-b094-51fe5c4618af","https://res.cloudinary.com/crunchbase-production/image/upload/yu9xtjo3qvtpa30sb5ay","https://images.crunchbase.com/image/upload/yu9xtjo3qvtpa30sb5ay"
"31","01df64fa-3510-c057-2a11-707498de5905","https://res.cloudinary.com/crunchbase-production/image/upload/j5952gbtvkvsl7phbzus","https://images.crunchbase.com/image/upload/j5952gbtvkvsl7phbzus"
"32","01f788b9-f504-8887-37da-56104785c90c","https://res.cloudinary.com/crunchbase-production/image/upload/v1506490709/dtjszv1ppbmtbtexgzxs.jpg","https://images.crunchbase.com/image/upload/dtjszv1ppbmtbtexgzxs.jpg"
"33","0213768a-05a0-4fdd-96e9-9ed36fcbd2d6","https://res.cloudinary.com/crunchbase-production/image/upload/srst509f1etihubh3sts","https://images.crunchbase.com/image/upload/srst509f1etihubh3sts"
"34","02446933-b6b5-4190-a53f-6a852f6b622d","https://res.cloudinary.com/crunchbase-production/image/upload/clyc1h8zh7183yrvcw6l","https://images.crunchbase.com/image/upload/clyc1h8zh7183yrvcw6l"
"35","0245ca08-8cd1-b312-9fe3-24d3b3506f63","https://res.cloudinary.com/crunchbase-production/image/upload/l4rctoc15kr8p6a8xkdp","https://images.crunchbase.com/image/upload/l4rctoc15kr8p6a8xkdp"
"36","024e0e33-53c4-393a-ae89-43646b2aa22d","https://res.cloudinary.com/crunchbase-production/image/upload/v1507018816/mt0spas4xk5v8zmcbzyw.png","https://images.crunchbase.com/image/upload/mt0spas4xk5v8zmcbzyw.png"
"37","024f6a3d-78df-3384-31ff-c29adb656f4b","https://res.cloudinary.com/crunchbase-production/image/upload/v1402286144/o5nt1eax7v1rnhnwfqgf.jpg","https://images.crunchbase.com/image/upload/o5nt1eax7v1rnhnwfqgf.jpg"
"38","02506dc9-8ba4-6e81-e463-52c12007f825","https://res.cloudinary.com/crunchbase-production/image/upload/v1398343842/addqzuw2vjoo9xowif8n.jpg","https://images.crunchbase.com/image/upload/addqzuw2vjoo9xowif8n.jpg"
"39","0278ebbe-10fd-d676-6743-e256a48bec94","https://images.crunchbase.com/image/upload/t_cb-default-original/v1493348008/zldpn9vhekwosj3a4evh.png","https://images.crunchbase.com/image/upload/t_cb-default-original/v1493348008/zldpn9vhekwosj3a4evh.png"
"40","02808586-e5a5-d117-0fd3-bb18e20b3432","https://res.cloudinary.com/crunchbase-production/image/upload/v1418889858/sccramlaof9ff7s44515.png","https://images.crunchbase.com/image/upload/sccramlaof9ff7s44515.png"
"41","02951603-73d5-4aee-8c95-ba231b92cbab","https://res.cloudinary.com/crunchbase-production/image/upload/apufra8ukrelpvh1ubhs","https://images.crunchbase.com/image/upload/apufra8ukrelpvh1ubhs"
"43","029cff01-bd0c-bb82-ba01-879bd4800799","https://images.crunchbase.com/image/upload/t_cb-default-original/flhfwfcphd4ojlngsby1","https://images.crunchbase.com/image/upload/t_cb-default-original/flhfwfcphd4ojlngsby1"
"44","02a0179e-152a-4102-81e4-3cb18cc2e6ae","https://res.cloudinary.com/crunchbase-production/image/upload/eieryd3aruc0dphuap2t","https://images.crunchbase.com/image/upload/eieryd3aruc0dphuap2t"
"45","02a7eb7a-f7d0-48c6-9a4e-664daeede284","https://res.cloudinary.com/crunchbase-production/image/upload/jxclvcgokmxhtf8b2fw0","https://images.crunchbase.com/image/upload/jxclvcgokmxhtf8b2fw0"
"46","02aae974-0c2f-2656-95c8-803fa2a30668","https://res.cloudinary.com/crunchbase-production/image/upload/dzpvmlfvyigjpuwz93rz","https://images.crunchbase.com/image/upload/dzpvmlfvyigjpuwz93rz"
"47","02b3cf9c-fbe0-fcad-c8f1-55358f8b39dc","https://res.cloudinary.com/crunchbase-production/image/upload/v1397181401/b739a49cfc8218c53407e55246e7f230.jpg","https://images.crunchbase.com/image/upload/b739a49cfc8218c53407e55246e7f230.jpg"
"48","02d55c6f-8ed2-beb9-7abf-7e5182350bf8","https://res.cloudinary.com/crunchbase-production/image/upload/kpd94jzbfct1wadgvbuk","https://images.crunchbase.com/image/upload/kpd94jzbfct1wadgvbuk"
"49","02db234c-991b-5885-55b5-2a1a648299c1","https://res.cloudinary.com/crunchbase-production/image/upload/v1397186296/2ceaf8b78b7773876f11c611c0f33111.jpg","https://images.crunchbase.com/image/upload/2ceaf8b78b7773876f11c611c0f33111.jpg"
"50","02dd06ba-7dd8-ff00-763f-b70ccc442637","https://res.cloudinary.com/crunchbase-production/image/upload/v1477492434/wscghp3vhp1q4hrmyjfe.jpg","https://images.crunchbase.com/image/upload/wscghp3vhp1q4hrmyjfe.jpg"
"51","02e9bda1-cc09-e4d4-c954-76ae125b110a","https://res.cloudinary.com/crunchbase-production/image/upload/qsnicpgq4x4oygo4vub9","https://images.crunchbase.com/image/upload/qsnicpgq4x4oygo4vub9"
"52","031ba73a-d633-b411-2b22-5b9c899da252","https://res.cloudinary.com/crunchbase-production/image/upload/yl2owi4ilq9orqcj1qz2","https://images.crunchbase.com/image/upload/yl2owi4ilq9orqcj1qz2"
"53","03416cc6-eee5-80d1-0017-00e8adb781b6","https://res.cloudinary.com/crunchbase-production/image/upload/vmltzfllqrlsv0759byl","https://images.crunchbase.com/image/upload/vmltzfllqrlsv0759byl"
"54","03443604-c183-4118-877e-f78f478e8cdf","https://res.cloudinary.com/crunchbase-production/image/upload/mjbuw9se3mrm1xvjxjqz","https://images.crunchbase.com/image/upload/mjbuw9se3mrm1xvjxjqz"
"55","034d29cb-4dc1-92ae-bcb7-446c260cadff","https://res.cloudinary.com/crunchbase-production/image/upload/v1399021601/nkzimu7oegn9ezhnyt2t.jpg","https://images.crunchbase.com/image/upload/nkzimu7oegn9ezhnyt2t.jpg"
"56","035935c8-429f-dd25-874b-3475d897231f","https://res.cloudinary.com/crunchbase-production/image/upload/v1416486962/sbvrg8hsbef8uzd2fbdd.png","https://images.crunchbase.com/image/upload/sbvrg8hsbef8uzd2fbdd.png"
"57","0381d4bf-1ab5-4156-8a69-04eda0f0c9a5","https://res.cloudinary.com/crunchbase-production/image/upload/tnxecltgwzuj6rxoxsvp","https://images.crunchbase.com/image/upload/tnxecltgwzuj6rxoxsvp"
"58","03a9b29e-6904-3418-54a5-98db35696ef9","https://res.cloudinary.com/crunchbase-production/image/upload/v1398213208/ecmtntie3p1jx6audtjw.jpg","https://images.crunchbase.com/image/upload/ecmtntie3p1jx6audtjw.jpg"
"59","03cefe96-8249-40c8-abbc-40860689415a","https://res.cloudinary.com/crunchbase-production/image/upload/elxntwqpivizxiwhduxr","https://images.crunchbase.com/image/upload/elxntwqpivizxiwhduxr"
"60","03d19846-2b60-c181-6ed0-4e14a534a85b","https://res.cloudinary.com/crunchbase-production/image/upload/v1430830207/ikk2lbmvxz6uhk7raupg.jpg","https://images.crunchbase.com/image/upload/ikk2lbmvxz6uhk7raupg.jpg"
"61","03d23e7a-c3e8-8994-bffc-46946895e579","https://res.cloudinary.com/crunchbase-production/image/upload/v1456383275/ptkjzpcrlz0strjm3en2.png","https://images.crunchbase.com/image/upload/ptkjzpcrlz0strjm3en2.png"
"62","04174d4e-cd5e-1bd6-83c7-26ceb86c1c03","https://res.cloudinary.com/crunchbase-production/image/upload/v1398470201/h7k3ii7udnxgmeleu8fw.jpg","https://images.crunchbase.com/image/upload/h7k3ii7udnxgmeleu8fw.jpg"
"64","04aca15f-c662-c56d-7d7d-5939d4b79571","https://res.cloudinary.com/crunchbase-production/image/upload/v1476767769/pyctluufcnnyrjvp7vlj.png","https://images.crunchbase.com/image/upload/pyctluufcnnyrjvp7vlj.png"
"65","04cf766e-8cbf-4b92-0bcc-37ea24f60f4c","https://res.cloudinary.com/crunchbase-production/image/upload/v1481330585/pcc9i4mtgqqh8o0lt8cr.jpg","https://images.crunchbase.com/image/upload/pcc9i4mtgqqh8o0lt8cr.jpg"
"66","05068e05-77a6-76f8-fcd4-2741dd829822","https://res.cloudinary.com/crunchbase-production/image/upload/v1471165839/angr1bibdegeczel4all.png","https://images.crunchbase.com/image/upload/angr1bibdegeczel4all.png"
"67","0510dc0a-3bb4-2d16-a131-c29318a0ae01","https://res.cloudinary.com/crunchbase-production/image/upload/v1453783334/wtuy38zcag9c2dwugbo5.png","https://images.crunchbase.com/image/upload/wtuy38zcag9c2dwugbo5.png"
"68","05331482-d3ac-ea9d-53d5-0035f882ca19","https://res.cloudinary.com/crunchbase-production/image/upload/v1452898145/fvqlmlxdnncvfk88dax2.png","https://images.crunchbase.com/image/upload/fvqlmlxdnncvfk88dax2.png"
"69","053bbf43-71ef-4c25-05e1-69df8c011cc7","https://res.cloudinary.com/crunchbase-production/image/upload/v1414528277/ctkil9m4b9zicb4qmywu.jpg","https://images.crunchbase.com/image/upload/ctkil9m4b9zicb4qmywu.jpg"
"70","0547cd9f-dd49-1f29-131e-05b8bd1c940c","https://res.cloudinary.com/crunchbase-production/image/upload/v1421694888/vojp5wcum2whgsl8yjwv.jpg","https://images.crunchbase.com/image/upload/vojp5wcum2whgsl8yjwv.jpg"
"71","054eb693-9c86-f121-4c71-fd9656440a41","https://images.crunchbase.com/image/upload/t_cb-default-original/v1457132181/lj3j2dgazglpj8bgumjm.jpg","https://images.crunchbase.com/image/upload/t_cb-default-original/v1457132181/lj3j2dgazglpj8bgumjm.jpg"
"73","058df24f-6436-fc9f-18a3-d7718850abc4","https://images.crunchbase.com/image/upload/t_cb-default-original/v1417424935/wxgwmwwidofoghxerryw.png","https://images.crunchbase.com/image/upload/t_cb-default-original/v1417424935/wxgwmwwidofoghxerryw.png"
"74","0597a759-cb95-fb9a-3ccc-7f542d0ef4eb","https://res.cloudinary.com/crunchbase-production/image/upload/v1466154185/ha53dckdqfu0te8uxnkt.jpg","https://images.crunchbase.com/image/upload/ha53dckdqfu0te8uxnkt.jpg"
"75","05b0036e-4c5d-10f2-2c54-e44346b871e0","https://res.cloudinary.com/crunchbase-production/image/upload/v1455596503/fvgxridsanozkdanwl7b.jpg","https://images.crunchbase.com/image/upload/fvgxridsanozkdanwl7b.jpg"
"76","05b92eb8-a78a-4214-9abd-931279dc361e","https://res.cloudinary.com/crunchbase-production/image/upload/ce6ahwgbp24axifqbri7","https://images.crunchbase.com/image/upload/ce6ahwgbp24axifqbri7"
"77","05c644be-c4c4-7611-5f95-2ef3f9de6f7f","https://res.cloudinary.com/crunchbase-production/image/upload/kxw6blixqkuadn19mzbe","https://images.crunchbase.com/image/upload/kxw6blixqkuadn19mzbe"
"78","05df457f-e161-9256-46ea-171e5ce1d3b1","https://res.cloudinary.com/crunchbase-production/image/upload/ktkpvj9cvw0fmitepacr","https://images.crunchbase.com/image/upload/ktkpvj9cvw0fmitepacr"
"79","05e8c515-2abc-2534-c63d-560cf5af1507","https://res.cloudinary.com/crunchbase-production/image/upload/ev1guwmhmcrhqivgapkh","https://images.crunchbase.com/image/upload/ev1guwmhmcrhqivgapkh"
"80","05f6c2a3-4e7b-3ab7-def8-8dc1215d448b","https://res.cloudinary.com/crunchbase-production/image/upload/v1414472112/evkvwyzr7xiafured6vw.jpg","https://images.crunchbase.com/image/upload/evkvwyzr7xiafured6vw.jpg"
"81","060048a6-4665-8d93-4684-adb2e198315c","https://res.cloudinary.com/crunchbase-production/image/upload/v1400823455/h0plan8jow6l0vjndftl.jpg","https://images.crunchbase.com/image/upload/h0plan8jow6l0vjndftl.jpg"
"82","06078528-0306-79e4-e1a1-de01ccaf66c5","https://res.cloudinary.com/crunchbase-production/image/upload/v1456645752/o8tsojvgyydehowl04wb.png","https://images.crunchbase.com/image/upload/o8tsojvgyydehowl04wb.png"
"83","06086ba2-9273-7f5c-565d-0b545ad0d2bd","https://res.cloudinary.com/crunchbase-production/image/upload/a9kjc7k0zfyogp1hyi0y","https://images.crunchbase.com/image/upload/a9kjc7k0zfyogp1hyi0y"
"84","0617bb54-8a66-1325-03cb-c29804a5007d","https://res.cloudinary.com/crunchbase-production/image/upload/v1427242630/levpyq6zydkm7nocrnkr.png","https://images.crunchbase.com/image/upload/levpyq6zydkm7nocrnkr.png"
"86","061ae03f-1d4d-23fc-ac99-cd8db20f71ea","https://res.cloudinary.com/crunchbase-production/image/upload/v1486270034/ny2wpoyfeyiekodrbjhs.jpg","https://images.crunchbase.com/image/upload/ny2wpoyfeyiekodrbjhs.jpg"
"87","06305a9f-0600-e8f3-a9cb-8b1648ff07b5","https://res.cloudinary.com/crunchbase-production/image/upload/v1421721745/imojnebaefdpsc3obh2b.png","https://images.crunchbase.com/image/upload/imojnebaefdpsc3obh2b.png"
"88","0649c5d0-533b-03e9-5b39-c21869b2a898","https://res.cloudinary.com/crunchbase-production/image/upload/v1468939560/dpect1gvickdbqxeltcu.jpg","https://images.crunchbase.com/image/upload/dpect1gvickdbqxeltcu.jpg"
"89","06913245-a0c1-e9ab-1e87-1e6999eae007","https://res.cloudinary.com/crunchbase-production/image/upload/v1451531132/arkifjnirdyvbl7oq9nh.jpg","https://images.crunchbase.com/image/upload/arkifjnirdyvbl7oq9nh.jpg"
"91","069e3a7c-5a9c-f30b-9858-9a4975e4aff8","https://res.cloudinary.com/crunchbase-production/image/upload/v1474406794/npakfzwlkihfqx0vilhk.png","https://images.crunchbase.com/image/upload/npakfzwlkihfqx0vilhk.png"
"92","06a60d30-2d0c-41d6-94be-a8b728cc94a1","https://res.cloudinary.com/crunchbase-production/image/upload/fxdgrzs9m5qfrzswaibg","https://images.crunchbase.com/image/upload/fxdgrzs9m5qfrzswaibg"
"93","06ac2a33-9e7d-41b3-8ee6-b2f1d7dd6f79","https://res.cloudinary.com/crunchbase-production/image/upload/ypggozk2sccouxuc8pvp","https://images.crunchbase.com/image/upload/ypggozk2sccouxuc8pvp"
"95","06ec420a-bcfc-bd47-a7bc-34ae4f82ec15","https://res.cloudinary.com/crunchbase-production/image/upload/v1483956753/kfl521gb4tc2dmkeaizv.png","https://images.crunchbase.com/image/upload/kfl521gb4tc2dmkeaizv.png"
"96","06fdc68c-5d1d-95f3-34a2-e3aba5e603d1","https://res.cloudinary.com/crunchbase-production/image/upload/v1431683440/hta0s1b0xncguz8bf6xg.png","https://images.crunchbase.com/image/upload/hta0s1b0xncguz8bf6xg.png"
"97","071ea137-1394-f72a-587e-b12aecf76b33","https://res.cloudinary.com/crunchbase-production/image/upload/v1412093736/yf8yjtaixatsp4oeeagk.jpg","https://images.crunchbase.com/image/upload/yf8yjtaixatsp4oeeagk.jpg"
"98","072adb34-05a9-4e72-9844-cccb2654d9d2","https://res.cloudinary.com/crunchbase-production/image/upload/wb6ggyyh8kguzuqlumlz","https://images.crunchbase.com/image/upload/wb6ggyyh8kguzuqlumlz"
"99","072fbf99-4c3b-ebd5-6021-45d2becf84d4","https://res.cloudinary.com/crunchbase-production/image/upload/s89dkkepq1xrwvwriock","https://images.crunchbase.com/image/upload/s89dkkepq1xrwvwriock"
"100","07532513-d6ba-a560-5af5-d0f705d8fbb2","https://res.cloudinary.com/crunchbase-production/image/upload/v1505814456/egwluja8ytwa9gkbmmy7.png","https://images.crunchbase.com/image/upload/egwluja8ytwa9gkbmmy7.png"
"101","07585a4e-497b-7497-8fef-ac465872f74f","https://res.cloudinary.com/crunchbase-production/image/upload/v1431590399/pj88uvnnzytjwcsox3g3.jpg","https://images.crunchbase.com/image/upload/pj88uvnnzytjwcsox3g3.jpg"
"102","075e679c-7a54-401f-ae27-04cd4c8c913c","https://res.cloudinary.com/crunchbase-production/image/upload/rrq3lgtrxtvidyp6o8ou","https://images.crunchbase.com/image/upload/rrq3lgtrxtvidyp6o8ou"
"103","07645c04-3628-4b7e-c8f2-960fb6a74e10","https://res.cloudinary.com/crunchbase-production/image/upload/v1430484303/dvcpaq3kkntfreeapuuo.jpg","https://images.crunchbase.com/image/upload/dvcpaq3kkntfreeapuuo.jpg"
"104","076bd0e1-799b-4f04-ade7-b1aae828eff3","https://res.cloudinary.com/crunchbase-production/image/upload/vdqqnjbtvvroyw93varf","https://images.crunchbase.com/image/upload/vdqqnjbtvvroyw93varf"
"105","077154ae-4c5c-cadf-211f-96ef272d0bd1","https://res.cloudinary.com/crunchbase-production/image/upload/p07gfcw0jaolrkpc1bqi","https://images.crunchbase.com/image/upload/p07gfcw0jaolrkpc1bqi"
"106","078b2c4d-2baf-a867-2a29-153f2e4a65aa","https://res.cloudinary.com/crunchbase-production/image/upload/v1431269558/uorotv7qgfrdlgxbq838.jpg","https://images.crunchbase.com/image/upload/uorotv7qgfrdlgxbq838.jpg"
"107","079207ab-f588-4a01-8e88-c918653c49c8","https://res.cloudinary.com/crunchbase-production/image/upload/ac0jz9dj2kjiph5bnhxf","https://images.crunchbase.com/image/upload/ac0jz9dj2kjiph5bnhxf"
"108","07a0340e-892e-9776-9efb-4c505bb1091e","https://res.cloudinary.com/crunchbase-production/image/upload/v1492591867/av7tdlmziwxkmzm6qmo7.png","https://images.crunchbase.com/image/upload/av7tdlmziwxkmzm6qmo7.png"
"109","07ad1d2d-21de-bf97-9e3d-9534d62c65c6","https://res.cloudinary.com/crunchbase-production/image/upload/idxq1tigutw1myjijrwf","https://images.crunchbase.com/image/upload/idxq1tigutw1myjijrwf"
"111","07bbed44-3e3b-b37c-1c52-7e9cd25e6204","https://res.cloudinary.com/crunchbase-production/image/upload/b7cksy7wajqaqeg37xyt","https://images.crunchbase.com/image/upload/b7cksy7wajqaqeg37xyt"
